,source,author,title,description,url,urlToImage,publishedAt,content
0,"{'id': 'the-verge', 'name': 'The Verge'}",Jon Porter,El Salvador becomes first country to adopt Bitcoin as an official currency,"Bitcoin is an official currency of El Salvador alongside the US dollar, after it became the first country to adopt the cryptocurrency as legal tender. The country has purchased 400 bitcoins, or around $20.9 million.",https://www.theverge.com/2021/9/7/22660457/el-salvador-bitcoin-legal-tender-currency-cryptocurrency-chivo-wallet,https://cdn.vox-cdn.com/thumbor/Dhfc5cLJNCuuG46W9mwfEt0dmwE=/0x436:3929x2493/fit-in/1200x630/cdn.vox-cdn.com/uploads/chorus_asset/file/22831008/1234925847.jpg,2021-09-07T08:58:53Z,"A recently-installed Bitcoin ATM.

 

 As of today, Bitcoin is an official currency of El Salvador alongside the US dollar, after the Central American country became the first to adopt the cryptocur… [+2716 chars]"
1,"{'id': 'reuters', 'name': 'Reuters'}",,Crypto platform Bitso working with El Salvador on Chivo digital wallet - Reuters,"Fintech Bitso, a cryptocurrency platform, said on Tuesday it will be the core service provider for Chivo, the bitcoin digital wallet launched in El Salvador as it becomes the first country in the world to <a href=""https://www.reuters.com/business/finance/el-s…",https://www.reuters.com/technology/crypto-platform-bitso-working-with-el-salvador-chivo-digital-wallet-2021-09-07/,https://www.reuters.com/resizer/nrP-KTAfCsWqzyMXEkhl8U9ez5o=/1200x628/smart/filters:quality(80)/cloudfront-us-east-2.images.arcpublishing.com/reuters/QJ5TJE4E45K65B22ENEC7NWOEI.jpg,2021-09-07T16:38:00Z,"A representation of cryptocurrency Bitcoin is seen in this illustration taken August 6, 2021. REUTERS/Dado Ruvic/Illustration/File Photo/File Photo/File Photo/File PhotoSept 7 (Reuters) - Fintech Bit… [+1978 chars]"
2,"{'id': 'reuters', 'name': 'Reuters'}",,Factbox: A glimpse under the hood of El Salvador's bitcoin experiment - Reuters,"El Salvador on Tuesday rolled out cryptocurrency bitcoin as legal tender, an unprecedented move that faced some technical hiccups on its first day and left many wondering how it will work.<a href=""/business/finance/el-salvador-leads-world-into-cryptocurrency-…",https://www.reuters.com/technology/glimpse-under-hood-el-salvadors-bitcoin-experiment-2021-09-07/,https://www.reuters.com/resizer/fmTfMNfBEGG00gH0GClge19iSGQ=/1200x628/smart/filters:quality(80)/cloudfront-us-east-2.images.arcpublishing.com/reuters/ZFI6QBKENFKHJITYUZK5VNTHIU.jpg,2021-09-07T23:14:00Z,"A barber works at Sevilla Barber Shop where Bitcoin is accepted as a payment method, in Santa Tecla, El Salvador September 6, 2021. REUTERS/Jose CabezasSAN SALVADOR, Sept 7 (Reuters) - El Salvador on… [+3986 chars]"
3,"{'id': 'reuters', 'name': 'Reuters'}",,On 'Bitcoin Beach' tourists and residents hail El Salvador's adoption of cryptocurrency - Reuters,"In the El Salvadoran beach town of El Zonte, a surfing hotspot known as ""Bitcoin Beach,"" tourists and some residents heralded the president's decision to make the Central American nation the <a href=""https://www.reuters.com/business/finance/el-salvador-leads-…",https://www.reuters.com/technology/bitcoin-beach-tourists-residents-hail-el-salvadors-adoption-cryptocurrency-2021-09-07/,https://www.reuters.com/resizer/HVN9sBHBVsYdjYbqt4AHsBgR25I=/1200x628/smart/filters:quality(80)/cloudfront-us-east-2.images.arcpublishing.com/reuters/5UWUCL6NARIEDBVXCQ5J7RALUY.jpg,2021-09-07T17:01:00Z,"Women buy at a store at El Zonte Beach in Chiltiupan, El Salvador June 10, 2021. Picture taken June 10, 2021. REUTERS/Jose CabezasEL ZONTE, El Salvador, Sept 7 (Reuters) - In the El Salvadoran beach … [+2100 chars]"
4,"{'id': None, 'name': 'ReadWrite'}",Sanket Patel,How Blockchain Is Impacting the Digital Marketing Industry,"Blockchain is a relatively new yet widely used technology. It enables you to store and distribute digital information without the fear of data breaches. In addition, blockchain allows transactions between two parties without third-party verification. The frau…",https://readwrite.com/2021/09/06/how-blockchain-is-impacting-the-digital-marketing-industry/,https://images.readwrite.com/wp-content/uploads/2021/07/Blockchain-Impact-Digital-Marketing.jpg,2021-09-06T15:35:44Z,"Blockchain is a relatively new yet widely used technology. It enables you to store and distribute digital information without the fear of data breaches. In addition, blockchain allows transactions be… [+14096 chars]"
5,"{'id': 'techcrunch', 'name': 'TechCrunch'}",Mike Butcher,A.ID closes Pre-Seed funding for ID verification platform aimed at high-risk clients,"A.ID, an identity and compliance platform with a focus on high-risk clients, has closed a pre-seed investment round of $500,000 from angel investors including former employees of RobinHood, Square and Snap. The startup says it is addressing a market that trad…",http://techcrunch.com/2021/09/06/a-id-closes-pre-seed-funding-for-id-verification-platform-aimed-at-high-risk-clients/,https://techcrunch.com/wp-content/uploads/2021/09/Create-Personal.png?w=563,2021-09-06T20:37:03Z,"A.ID, an identity and compliance platform with a focus on high-risk clients, has closed a pre-seed investment round of $500,000 from angel investors including former employees of RobinHood, Square an… [+2428 chars]"
6,"{'id': 'business-insider', 'name': 'Business Insider'}",tmohamed@businessinsider.com (Theron Mohamed),"'Rich Dad Poor Dad' author Robert Kiyosaki is hoarding bitcoin, gold, and silver - and plans to scoop up bargains once the market crashes","The personal-finance guru expects federal stimulus to weaken the US dollar, and interest-rate hikes to hammer asset prices.",https://markets.businessinsider.com/news/commodities/rich-poor-dad-kiyosaki-bubble-market-crash-bitcoin-silver-gold-2021-9,https://images2.markets.businessinsider.com/61377ce0eedea900193d585c?format=jpeg,2021-09-07T15:21:53Z,"Robert Kiyosaki.
The Rich Dad Channel/YouTube
""Rich Dad Poor Dad"" author Robert Kiyosaki is hoarding gold, silver, and bitcoin in anticipation of a brutal market downturn - and preaching patience t… [+2189 chars]"
7,"{'id': 'techcrunch', 'name': 'TechCrunch'}",Rebecca Bellan,BP Ventures invests $11.9M in in-car payments provider Ryd to support expansion,"BP Ventures, the investing arm of oil and gas giant BP, has announced a €10 million (~$11.9 million) investment in Ryd, a German in-car digital payments provider. The fresh funds will help Ryd expand its service into international markets and build out its of…",http://techcrunch.com/2021/09/06/bp-ventures-invests-11-9m-in-in-car-payments-provider-ryd-to-support-expansion/,https://techcrunch.com/wp-content/uploads/2021/09/bp.jpeg?w=664,2021-09-07T06:00:02Z,"BP Ventures, the investing arm of oil and gas giant BP, has announced a 10 million (~$11.9 million) investment in Ryd, a German in-car digital payments provider. The fresh funds will help Ryd expand … [+2722 chars]"
8,"{'id': 'al-jazeera-english', 'name': 'Al Jazeera English'}",Al Jazeera,"Solana, rival to Ethereum, is climbing the crypto top 10",Solana's SOL token has tripled in about three weeks.,https://www.aljazeera.com/economy/2021/9/6/solana-rival-to-ethereum-is-climbing-the-crypto-top-10,https://www.aljazeera.com/wp-content/uploads/2021/09/377966280.jpg?resize=1200%2C630,2021-09-06T18:52:51Z,The cryptocurrency linked to the Solana network has jumped to the seventh spot among the worlds top 10 largest virtual coins amid optimism that the blockchain could be a long term competitor to Ether… [+2276 chars]
9,"{'id': 'reuters', 'name': 'Reuters'}",Reuters,Factbox: Germany's election and the finance industry - Reuters,"Germany elects a new parliament on Sept. 26, with potential ramifications for its financial industry.",https://www.reuters.com/world/europe/germanys-election-finance-industry-2021-09-07/,https://www.reuters.com/resizer/5N2FoxgRTjm6hvUzKN7ULmWtudE=/1200x628/smart/filters:quality(80)/cloudfront-us-east-2.images.arcpublishing.com/reuters/JM6YIY5CDFLBNJVYMZ2LV3PWDQ.jpg,2021-09-07T08:18:00Z,"FRANKFURT, Sept 7 (Reuters) - Germany elects a new parliament on Sept. 26, with potential ramifications for its financial industry.
Here are details on how the parties in the running to lead the nex… [+2517 chars]"
10,"{'id': 'techcrunch', 'name': 'TechCrunch'}",Mike Butcher,Financial automation startup Aurelia raises $3M Seed round led by Blossom Capital,"Financial automation platform, Aurelia has raised $3 million in seed funding, led by Blossom Capital. Billing itself as a sort of “IFTTT for finance” aimed at small businesses that want to integrate their bank accounts with financial tools, Aurelia says this …",http://techcrunch.com/2021/09/06/financial-automation-startup-aurelia-raises-3m-seed-round-led-by-blossom-capital/,https://techcrunch.com/wp-content/uploads/2021/08/im-a-robot.jpg?w=578,2021-09-06T19:54:07Z,"Financial automation platform, Aurelia has raised $3 million in seed funding, led by Blossom Capital.
Billing itself as a sort of IFTTT for finance aimed at small businesses that want to integrate t… [+1338 chars]"
11,"{'id': 'business-insider', 'name': 'Business Insider'}",jerb@insider.com (Jordan Parker Erb),Robinhood targets influencers - Bankers turn to YouTube - Top fintech lawyers,"The top finance news for Sept. 7, including the latest on Robinhood's influencer ambitions and junior bankers' YouTube channels.",https://www.businessinsider.com/robinhood-targets-influencers-bankers-turn-to-youtube-top-fintech-lawyers-2021-9,https://i.insider.com/613688a3eedea900193d4387?width=1200&format=jpeg,2021-09-07T09:25:00Z,"Welcome to Insider Finance. If this was forwarded to you, sign up here. Plus, download Insider's app for news on the go click here for iOS and here for Android.
On the agenda today:
Let's get start… [+2652 chars]"
12,"{'id': 'reuters', 'name': 'Reuters'}",Reuters,"UK's Sunak to deliver 3-year spending plan, budget on Oct. 27 - Reuters","British finance minister Rishi Sunak will deliver a three-year spending plan and a budget statement on Oct. 27, the finance ministry said on Tuesday.",https://www.reuters.com/world/uk/uks-sunak-deliver-3-year-spending-plan-budget-oct-27-2021-09-07/,https://www.reuters.com/resizer/KhYC1Q0kL3SJ2FlhOydmbjNC6AQ=/1200x628/smart/filters:quality(80)/cloudfront-us-east-2.images.arcpublishing.com/reuters/MY54AL2WF5N5RMVZZ3ZY35KS4A.jpg,2021-09-07T12:31:00Z,"Britain's Chancellor of the Exchequer Rishi Sunak meets U.S. Treasury Secretary Janet Yellen (not pictured), in London, Britain June 3, 2021. REUTERS/Hannah McKayLONDON, Sept 7 (Reuters) - British fi… [+474 chars]"
13,"{'id': None, 'name': 'Dnyuz.com'}",New York Times,"In Global First, El Salvador Adopts Bitcoin as Currency...","In Global First, El Salvador Adopts Bitcoin as Currency...

 
 
 
 (Third column, 1st story, link)

 

 

 
 Related stories:Crypto Buying Spree...

 

 
 
 Drudge Report Feed needs your support!   Become a Patron",https://dnyuz.com/2021/09/07/in-global-first-el-salvador-adopts-bitcoin-as-currency/,https://dnyuz.com/wp-content/uploads/2021/09/In-Global-First-El-Salvador-Adopts-Bitcoin-as-Currency.jpg,2021-09-07T10:46:37Z,"MEXICO CITY El Salvador on Tuesday became the first country to adopt Bitcoin as legal tender, allowing the cryptocurrency to be used in any transaction, from buying a cup of coffee to paying taxes.
… [+7242 chars]"
14,"{'id': None, 'name': 'Forbes'}","Billy Bambrough, Senior Contributor, 
 Billy Bambrough, Senior Contributor
 https://www.forbes.com/sites/billybambrough/",CryptoCodex: Crypto Price ‘Extreme’ Greed As Bitcoin Gears Up For A Big Week And An NFT Bombshell,The following is an excerpt from the daily CryptoCodex email newsletter. Sign up now for free here...,https://www.forbes.com/sites/billybambrough/2021/09/06/cryptocodex-crypto-price-extreme-greed-as-bitcoin-gears-up-for-a-big-week-and-an-nft-bombshell/,https://thumbor.forbes.com/thumbor/fit-in/1200x0/filters%3Aformat%28jpg%29/https%3A%2F%2Fspecials-images.forbesimg.com%2Fimageserve%2F6135fbd9fa62d99c64059a14%2F0x0.jpg%3FcropX1%3D0%26cropX2%3D3783%26cropY1%3D192%26cropY2%3D2320,2021-09-06T11:30:50Z,"The following is an excerpt from the daily CryptoCodex email newsletter. Sign up now for free here
Greed is good
The cryptocurrency market has stormed into the new month, with expectations high tha… [+5249 chars]"
15,"{'id': None, 'name': 'Dnyuz.com'}",New York Times,Crypto Rapid Move Into Banking Elicits Alarm in Washington...,"Crypto Rapid Move Into Banking Elicits Alarm in Washington...

 
 
 
 (Third column, 17th story, link)

 

 

 
 Related stories:Bitcoin Price Pump Movement Grows Ahead of El Salvador Adoption...
China miners moving to Texas...",https://dnyuz.com/2021/09/05/cryptos-rapid-move-into-banking-elicits-alarm-in-washington/,https://dnyuz.com/wp-content/uploads/2021/09/Cryptos-Rapid-Move-Into-Banking-Elicits-Alarm-in-Washington.jpg,2021-09-06T13:25:39Z,"BlockFi, a fast-growing financial start-up whose headquarters in Jersey City are across the Hudson River from Wall Street, aspires to be the JPMorgan Chase of cryptocurrency.
It offers credit cards,… [+12504 chars]"
16,"{'id': 'reuters', 'name': 'Reuters'}",Tetsushi Kajimoto,Budget requests from Japan ministries top $1 trln in FY2022/23 -MOF - Reuters,"Japan's combined budget requests from government ministries for next fiscal year topped a record $1 trillion as spending to combat the COVID-19 crisis adds to huge debt-servicing and welfare costs for an ageing society, the finance ministry said.",https://www.reuters.com/article/japan-economy-budget-idUSL4N2Q31V6,https://s1.reutersmedia.net/resources_v2/images/rcom-default.png?w=800,2021-09-07T06:03:00Z,"TOKYO, Sept 7 (Reuters) - Japans combined budget requests from government ministries for next fiscal year topped a record $1 trillion as spending to combat the COVID-19 crisis adds to huge debt-servi… [+2385 chars]"
17,"{'id': 'reuters', 'name': 'Reuters'}",Emma Farge,Hundreds of health centres at risk of closure in Afghanistan - WHO - Reuters,"Hundreds of medical facilities in Afghanistan are at risk of imminent closure because the Western donors who finance them are barred from dealing with the new Taliban government, a World Health Organization official said on Monday.",https://www.reuters.com/world/asia-pacific/hundreds-health-centres-risk-closure-afghanistan-who-2021-09-06/,https://www.reuters.com/resizer/1kfvjhVW5D4DUGzokrXSPYmTF6E=/1200x628/smart/filters:quality(80)/cloudfront-us-east-2.images.arcpublishing.com/reuters/3KGZLU3F5ZICNNHDGSQXDGPW2E.jpg,2021-09-06T17:34:00Z,"A general view of the city of Kabul, Afghanistan, September 5, 2021. WANA (West Asia News Agency) via REUTERS GENEVA, Sept 6 (Reuters) - Hundreds of medical facilities in Afghanistan are at risk of i… [+1649 chars]"
18,"{'id': 'reuters', 'name': 'Reuters'}",Reuters,"Better competitiveness in finance won't mean deregulation, says UK minister - Reuters","Steps being taken to improve the competitiveness of Britain's financial sector will not translate into deregulation or radical changes, financial services minister John Glen said on Tuesday.",https://www.reuters.com/world/uk/better-competitiveness-finance-wont-mean-deregulation-says-uk-minister-2021-09-07/,https://www.reuters.com/resizer/o3XtELBYa201zUQi_7DZ5dvf_sE=/1200x628/smart/filters:quality(80)/cloudfront-us-east-2.images.arcpublishing.com/reuters/M6DK4ZEM6NOT3OMHIXA7IIIEDM.jpg,2021-09-07T14:40:00Z,"Pedestrians walk through the Canary Wharf business district in London, Britain, September 12, 2011. REUTERS/Suzanne PlunkettLONDON, Sept 7 (Reuters) - Steps being taken to improve the competitiveness… [+1024 chars]"
19,"{'id': 'reuters', 'name': 'Reuters'}",Reuters Staff,"UPDATE 1-Better competitiveness in finance won't mean deregulation, says UK minister - Reuters","Steps being taken to improve the competitiveness of Britain's financial sector will not translate into deregulation or radical changes, financial services minister John Glen said on Tuesday.",https://www.reuters.com/article/britain-banks-idUSL1N2Q9146,https://s1.reutersmedia.net/resources_v2/images/rcom-default.png?w=800,2021-09-07T14:13:00Z,"By Reuters Staff
(Adds more detail)
LONDON, Sept 7 (Reuters) - Steps being taken to improve the competitiveness of Britains financial sector will not translate into deregulation or radical changes,… [+877 chars]"
20,"{'id': None, 'name': 'The Guardian'}",Nils Pratley,Call for pragmatism to address UK skills shortage makes sense,"The government’s failure to act over the need for more drivers came under fire from an unexpected quarterThe most interesting intervention in the hot debate over skills shortages came last week from Simon Wolfson, chief executive of Next, who, as a pro-Brexit…",https://amp.theguardian.com/business/nils-pratley-on-finance/2021/sep/06/call-for-pragmatism-to-address-uk-skills-shortage-makes-sense,https://i.guim.co.uk/img/media/34bd5e135d53f01cc18a49cafa95e001a85827f3/0_17_3500_2099/master/3500.jpg?width=1200&height=630&quality=85&auto=format&fit=crop&overlay-align=bottom%2Cleft&overlay-width=100p&overlay-base64=L2ltZy9zdGF0aWMvb3ZlcmxheXMvdGctb3BpbmlvbnMucG5n&enable=upscale&s=7423e4f5ee7e1d74ee8c29cb804ff896,2021-09-06T16:08:28Z,"The most interesting intervention in the hot debate over skills shortages came last week from Simon Wolfson, chief executive of Next, who, as a pro-Brexit businessman, might be expected to have a sli… [+4371 chars]"
21,"{'id': 'the-wall-street-journal', 'name': 'The Wall Street Journal'}",Santiago Pérez,El Salvador Becomes First Country to Adopt Bitcoin as National Currency - The Wall Street Journal,"<ol><li>El Salvador Becomes First Country to Adopt Bitcoin as National Currency  The Wall Street Journal
</li><li>Volatile risk: Bitcoin officially becomes legal tender in El Salvador  Al Jazeera English
</li><li>El Salvador buys 200 bitcoins as the digital…",https://www.wsj.com/articles/bitcoin-comes-to-el-salvador-first-country-to-adopt-crypto-as-national-currency-11631005200,https://images.wsj.net/im-396763/social,2021-09-07T10:09:00Z,"SAN SALVADOR, El SalvadorTuesday is B-day, or Bitcoin-day, in El Salvador.
The tiny and impoverished Central American nation became the first country in the world to adopt bitcoin as legal tender on… [+127 chars]"
22,"{'id': 'reuters', 'name': 'Reuters'}",Reuters Staff,Mexican president hints at eyeing IMF funds to pay Pemex debt - Reuters,Mexican President Andres Manuel Lopez Obrador said on Monday his government is tackling the debt burden of state oil company Petroleos Mexicanos (Pemex) and hinted he would try to use funds from the International Monetary Fund (IMF) to do so.,https://www.reuters.com/article/mexico-pemex-idUSL1N2Q81BG,https://s1.reutersmedia.net/resources_v2/images/rcom-default.png?w=800,2021-09-06T20:23:00Z,"By Reuters Staff
MEXICO CITY, Sept 6 (Reuters) - Mexican President Andres Manuel Lopez Obrador said on Monday his government is tackling the debt burden of state oil company Petroleos Mexicanos (Pem… [+1849 chars]"
23,"{'id': None, 'name': 'Forbes'}","Robert Hart, Forbes Staff, 
 Robert Hart, Forbes Staff
 https://www.forbes.com/sites/roberthart/",El Salvador Goes On A $21 Million Crypto Buying Spree As Bitcoin Becomes Legal Tender,El Salvador bought 400 bitcoins ahead of becoming the first country in the world to introduce bitcoin as legal tender Tuesday.,https://www.forbes.com/sites/roberthart/2021/09/07/el-salvador-goes-on-a-21-million-crypto-buying-spree-as-bitcoin-becomes-legal-tender/,https://thumbor.forbes.com/thumbor/fit-in/1200x0/filters%3Aformat%28jpg%29/https%3A%2F%2Fspecials-images.forbesimg.com%2Fimageserve%2F613734f21528b7d0da445a1e%2F0x0.jpg%3FcropX1%3D0%26cropX2%3D3086%26cropY1%3D85%26cropY2%3D1821,2021-09-07T10:03:02Z,"El Salvador acquired roughly $21 million worth of bitcoin on Monday, President Nayib Bukele announced, buoying the crypto market ahead of making history Tuesday by becoming the first country in the w… [+2792 chars]"
24,"{'id': 'reuters', 'name': 'Reuters'}","Christina Amann,Victoria Waldersee",BMW confident that sales in China will grow next year - CFO - Reuters,"BMW <a href=""https://www.reuters.com/companies/BMWG.DE"" target=""_blank"">(BMWG.DE)</a> is confident that sales in China will increase next year, finance chief Nicolas Peter told Reuters on Monday, attributing high demand for premium cars to travel restrictions…",https://www.reuters.com/business/autos-transportation/bmw-confident-that-sales-china-will-grow-next-year-cfo-2021-09-06/,https://www.reuters.com/resizer/RTzoeM3BiiwOViQdesfI8W0AqH4=/1200x628/smart/filters:quality(80)/cloudfront-us-east-2.images.arcpublishing.com/reuters/AD2PT4W4BZOYDG3BJM4YXULJWI.jpg,2021-09-06T17:09:00Z,"An aerial view shows the BMW Headquarters, ahead of the Munich Motor Show IAA Mobility 2021 in Munich, Germany, September 5, 2021. REUTERS/Michaela RehleMUNICH, Sept 6 (Reuters) - BMW (BMWG.DE) is co… [+2487 chars]"
25,"{'id': 'reuters', 'name': 'Reuters'}",Brenna Hughes Neghaiwi,Credit Suisse preparing further insurance claims for Greensill-linked funds - Reuters,"A first insurance claim has been filed and more are being prepared in Credit Suisse's <a href=""https://www.reuters.com/companies/CSGN.S"" target=""_blank"">(CSGN.S)</a> efforts to recover funds from its insolvent supply chain finance linked to Greensill, the Swi…",https://www.reuters.com/business/credit-suisse-preparing-further-insurance-claims-greensill-linked-funds-2021-09-07/,https://www.reuters.com/resizer/F4hzIt8kXs8nZ2WNZJZWmXh5oW0=/1200x628/smart/filters:quality(80)/cloudfront-us-east-2.images.arcpublishing.com/reuters/A53GHBV7RFLOFA3UTTKQ7L3X3M.jpg,2021-09-07T11:24:00Z,"A Credit Suisse sign is seen on the exterior of their Americas headquarters in the Manhattan borough of New York City, September 1, 2015. REUTERS/Mike Segar/File PhotoZURICH, Sept 7 (Reuters) - A fir… [+2557 chars]"
26,"{'id': None, 'name': 'Yahoo Entertainment'}",Simon Casey,Enbridge in $3 Billion Deal to Add U.S. Oil Export Capacity - Yahoo Canada Finance,"<ol><li>Enbridge in $3 Billion Deal to Add U.S. Oil Export Capacity  Yahoo Canada Finance
</li><li>Enbridge advances Gulf Coast strategy with US$3-billion Moda Midstream purchase  The Globe and Mail
</li><li>Enbridge to buy Moda for US$3B in bet on US oil e…",https://ca.finance.yahoo.com/news/enbridge-buy-moda-3-billion-111438753.html,https://s.yimg.com/ny/api/res/1.2/DXeE8cppwMSSUmmvDyGScQ--/YXBwaWQ9aGlnaGxhbmRlcjt3PTEyMDA7aD04MDA-/https://s.yimg.com/uu/api/res/1.2/ZLH4IjB1kfkh5GbAFEeG3A--~B/aD0xMzMzO3c9MjAwMDthcHBpZD15dGFjaHlvbg--/https://media.zenfs.com/en/bloomberg_markets_842/61a2e5f1220f519baed6f8234efbfa3c,2021-09-07T12:12:00Z,"(Bloomberg) -- Enbridge Inc., the Canadian pipeline giant, agreed to acquire a smaller U.S. rival to add export capacity on the Gulf Coast.
The company is buying Moda Midstream Operating LLC for $3 … [+1551 chars]"
27,"{'id': None, 'name': 'Yahoo Entertainment'}",Mariella Moon,Apple references four new iPhone models in MagSafe FCC filing - Yahoo Canada Finance,"<ol><li>Apple references four new iPhone models in MagSafe FCC filing  Yahoo Canada Finance
</li><li>Apple Watch Series 7 will reportedly be scarce post-launch  MobileSyrup
</li><li>Apple Won't Bring Satellite Features To iPhone 13 At The Time Of Launch: Re…",https://ca.finance.yahoo.com/news/apple-references-new-iphone-models-magsafe-fcc-filing-100602419.html,https://s.yimg.com/ny/api/res/1.2/u_MLMLfl4C9WBpdSLHTPdg--/YXBwaWQ9aGlnaGxhbmRlcjt3PTEyMDA7aD02NzU-/https://s.yimg.com/os/creatr-uploaded-images/2021-09/fe117df0-0fb1-11ec-b7f7-b4782ae11bdd,2021-09-07T10:06:02Z,"Apple may be gearing up to launch four new iPhones at its next event that's expected to happen sometime this month. 9to5Mac and MacRumors have spotted an FCC filing for a revised MagSafe charger, and… [+1024 chars]"
28,"{'id': 'the-times-of-india', 'name': 'The Times of India'}",PTI,Crypto not currency; needs to be regulated as asset: ex-RBI DG Gandhi,"After quite a lot of debate over the years, Gandhi said, people have fully understood that crypto cannot be a currency because the fundamental element of a currency- that it should be a legal tender- is missing in this case.",https://economictimes.indiatimes.com/news/economy/policy/crypto-not-currency-needs-to-be-regulated-as-asset-ex-rbi-dg-gandhi/articleshow/86004732.cms,"https://img.etimg.com/thumb/msid-86004721,width-1070,height-580,imgsize-73846,overlay-economictimes/photo.jpg",2021-09-07T10:03:49Z,Former RBI deputy governor R Gandhi on Tuesday made a case for treating and regulating crypto as a separate asset class with a view to enabling governments around the world to effectively deal with i… [+3007 chars]
29,"{'id': None, 'name': 'The Motley Fool Canada'}",,The 4 Best TSX Stocks With Solid Upside - The Motley Fool Canada,"<ol><li>The 4 Best TSX Stocks With Solid Upside  The Motley Fool Canada
</li><li>WELL Health Technologies Announces Inclusion in the S&P/TSX Composite Index  Yahoo Finance
</li><li>3 Cheap TSX Stocks to Buy Under $20 Right Now!  The Motley Fool Canada
</li…",https://www.fool.ca/2021/09/07/the-4-best-tsx-stocks-with-solid-upside/,https://www.fool.ca/wp-content/uploads/2018/12/Business-Concept.jpg,2021-09-07T20:31:30Z,"Despite the uncertainty related to COVID-19, a recovery in consumer demand and an improved operating environment suggest that the Canadian stock market could continue to trend higher. 
TSX stocks th… [+3910 chars]"
30,"{'id': 'die-zeit', 'name': 'Die Zeit'}",ZEIT ONLINE: News -,Digitalwährung: Bitcoin ist Zahlungsmittel in El Salvador,,https://www.zeit.de/zustimmung?url=https%3A%2F%2Fwww.zeit.de%2Fnews%2F2021-09%2F07%2Fbitcoin-ist-zahlungsmittel-in-el-salvador,,2021-09-07T06:06:01Z,"When browsing with ads:
We collect personal data and also transmit it to third-party providers
 that help us improve and finance our digital content. Some of the information stored on your device, … [+732 chars]"
31,"{'id': None, 'name': 'The Economist'}",The Economist,"In much of the world, economic policy is becoming tighter",Can the recovery bear it? | Finance & economics,https://www.economist.com/finance-and-economics/in-much-of-the-world-economic-policy-is-becoming-tighter/21804379,https://www.economist.com/img/b/1280/720/90/sites/default/files/images/2021/09/articles/main/20210911_fnp504.jpg,2021-09-08T00:00:00Z,"Sep 8th 2021
WASHINGTON, DC
INFLATION, IT IS often said, is a matter of too much money chasing too few goods. In many places that has been 2021 in a nutshell. Resurgent demand collided with insuffi… [+4027 chars]"
32,"{'id': None, 'name': 'The Indian Express'}",PTI,Crypto not currency; needs to be regulated as asset: ex-RBI DG Gandhi,"The general consensus among many policymakers is that it should be deemed as an asset, not as a currency, not as a payment instrument and not as a financial instrument as there is no clear identified issuer, he said.",https://indianexpress.com/article/business/banking-and-finance/crypto-not-currency-needs-to-be-regulated-as-asset-ex-rbi-dg-r-gandhi-7494589/,https://images.indianexpress.com/2021/09/bitcoin-pixabay-1200.jpg,2021-09-07T11:54:50Z,Former RBI deputy governor R Gandhi on Tuesday made a case for treating and regulating crypto as a separate asset class with a view to enabling governments around the world to effectively deal with i… [+3005 chars]
33,"{'id': None, 'name': 'The Economist'}",The Economist,A coup in Guinea adds fuel to aluminium’s red-hot rally,Prices have risen to ten-year highs | Finance & economics,https://www.economist.com/finance-and-economics/a-coup-in-guinea-adds-fuel-to-aluminiums-red-hot-rally/21804363,https://www.economist.com/img/b/1280/720/90/sites/default/files/images/2021/09/articles/main/20210911_fnp501.jpg,2021-09-07T00:00:00Z,"FEW MIGHT have guessed that Guinea, a west African country of 13m people, played a big role in global commodity markets. In recent years the country has ramped up its production of bauxite, a dirty-r… [+3565 chars]"
34,"{'id': 'die-zeit', 'name': 'Die Zeit'}",ZEIT ONLINE: News -,Kryptowährungen: Bitcoin wird in El Salvador zum Zahlungsmittel,,https://www.zeit.de/zustimmung?url=https%3A%2F%2Fwww.zeit.de%2Fnews%2F2021-09%2F06%2Fbitcoin-wird-in-el-salvador-zum-zahlungsmittel,,2021-09-06T03:34:41Z,"When browsing with ads:
We collect personal data and also transmit it to third-party providers
 that help us improve and finance our digital content. Some of the information stored on your device, … [+732 chars]"
35,"{'id': None, 'name': 'Forbes'}","Jonathan Ponciano, Forbes Staff, 
 Jonathan Ponciano, Forbes Staff
 https://www.forbes.com/sites/jonathanponciano/",Solana Leads Massive Altcoin Rally As JPMorgan Warns Crypto Markets Are Looking Bubbly Again,"Bitcoin's market share is sitting at ""uncomfortably low"" levels—a historical sign of market frothiness, JPMorgan analysts warned Monday.",https://www.forbes.com/sites/jonathanponciano/2021/09/06/solana-leads-massive-altcoin-rally-as-jpmorgan-warns-crypto-markets-are-looking-bubbly-again/,https://thumbor.forbes.com/thumbor/fit-in/1200x0/filters%3Aformat%28jpg%29/https%3A%2F%2Fspecials-images.forbesimg.com%2Fimageserve%2F607c44b78cc69e0d0496a8cd%2F0x0.jpg%3FcropX1%3D0%26cropX2%3D958%26cropY1%3D0%26cropY2%3D539,2021-09-06T21:08:22Z,"Amid looming fervor over El Salvador's historic bitcoin adoption measure, the cryptocurrency market rallied to its highest level in nearly four months on Monday afternoon, with a slew of so-called al… [+3658 chars]"
36,"{'id': None, 'name': 'Motley Fool'}",newsfeedback@fool.com (Zhiyuan Sun),Why These Altcoins Are All Falling Today,The bloodbath continues -- but there's no regulatory retaliation for altcoins yet.,https://www.fool.com/investing/2021/09/07/why-altcoins-are-all-falling-today/,https://g.foolcdn.com/editorial/images/642254/gettyimages-915092100.jpg,2021-09-07T20:14:25Z,"What happened 
Fear, uncertainty, and doubt (FUD) have once again hit the cryptocurrency sector. Notable altcoins Polygon (CRYPTO:MATIC), Avalanche (CRYPTO:AVAX), and Luna (CRYPTO:LUNA) are down a r… [+2858 chars]"
37,"{'id': 'the-times-of-india', 'name': 'The Times of India'}",Reuters,El Salvador leads world in adopting Bitcoin as official currency,"President Nayib Bukele, who has pushed for adopting the cryptocurrency, says it will help Salvadorans save about $400 million the government calculates is spent annually on commissions for remittances, while giving access to financial services to the unbanked.",https://economictimes.indiatimes.com/tech/technology/el-salvador-leads-world-in-adopting-bitcoin-as-official-currency/articleshow/86025677.cms,"https://img.etimg.com/thumb/msid-86007362,width-1070,height-580,imgsize-65366,overlay-etmarkets/photo.jpg",2021-09-07T12:03:40Z,"El Salvador on Tuesday became the first country to adopt bitcoin as legal tender, a real-world experiment proponents say will lower commission costs for billions of dollars sent from abroad but which… [+4155 chars]"
38,"{'id': None, 'name': 'Forbes'}","Jonathan Ponciano, Forbes Staff, 
 Jonathan Ponciano, Forbes Staff
 https://www.forbes.com/sites/jonathanponciano/",Crypto Flash Crash Wipes Out $400 Billion In Market Value On El Salvador's Bitcoin Day,"Top cryptocurrencies like bitcoin, ether and Cardano's ada plunged as much as 15% within minutes.",https://www.forbes.com/sites/jonathanponciano/2021/09/07/crypto-flash-crash-wipes-out-400-billion-in-market-value-on-el-salvadors-bitcoin-day/,https://thumbor.forbes.com/thumbor/fit-in/1200x0/filters%3Aformat%28jpg%29/https%3A%2F%2Fspecials-images.forbesimg.com%2Fimageserve%2F607c44b78cc69e0d0496a8cd%2F0x0.jpg%3FcropX1%3D0%26cropX2%3D958%26cropY1%3D0%26cropY2%3D539,2021-09-07T15:50:05Z,The cryptocurrency market posted staggering losses Tuesday as a wave of selling pummeled the prices of nearly every single coinunraveling the gains priced in by a retail trading mania ahead of El Sal… [+2277 chars]
39,"{'id': 'the-times-of-india', 'name': 'The Times of India'}",Bloomberg,Bitcoin faces biggest test as El Salvador makes it legal tender,"Both enthusiasts and detractors of crytocurrencies will be monitoring the experiment to see if a significant number of people want to transact with Bitcoin when it circulates alongside the U.S. dollar, and whether it brings any benefits to the violent, impove…",https://economictimes.indiatimes.com/markets/cryptocurrency/bitcoin-faces-biggest-test-as-el-salvador-makes-it-legal-tender/articleshow/85998104.cms,"https://img.etimg.com/thumb/msid-85998104,width-1070,height-580,imgsize-100720,overlay-etmarkets/photo.jpg",2021-09-07T04:26:15Z,"By Michael McDonald and Ezra FieserBitcoin is undergoing the biggest test in its 12-year history as El Salvador becomes the first country to adopt it as legal tender Tuesday. 
Both enthusiasts and d… [+3977 chars]"
40,"{'id': 'reuters', 'name': 'Reuters'}",Reuters,Saudi Arabia's PIF hires banks to advise on ESG -IFR - Reuters,"Saudi Arabia's sovereign wealth fund, the Public Investment Fund (PIF), has hired five international banks as members of an environmental, governance and social (ESG) panel for its medium-term capital-raising strategy, IFR News reported on Monday.",https://www.reuters.com/world/middle-east/saudi-arabias-pif-hires-banks-advise-esg-ifr-2021-09-07/,https://www.reuters.com/resizer/M_kvP6ht7i4sH6ePlUtz9CUVWEM=/1200x628/smart/filters:quality(80)/cloudfront-us-east-2.images.arcpublishing.com/reuters/XCF4E26IUJIUDN7MMJM7L33MHE.jpg,2021-09-07T07:50:00Z,"Governor of the Saudi Public Investment Fund Yasir Othman Al-Rumayyan, Saudi Finance Minister Mohammed Abdullah Al Jadaan, Tourism Minister Ahmed Aqeel Al Khateeb and others pose for photo during mee… [+2123 chars]"
41,"{'id': 'reuters', 'name': 'Reuters'}",Reuters Staff,Saudi Arabia's PIF hires banks to advise on ESG -IFR - Reuters,"Saudi Arabia's sovereign wealth fund, the Public Investment Fund (PIF), has hired five international banks as members of an environmental, governance and social (ESG) panel for its medium-term capital-raising strategy, IFR News reported on Monday.",https://www.reuters.com/article/saudi-pif-esg-idUSKBN2G30HU,https://static.reuters.com/resources/r/?m=02&d=20210907&t=2&i=1574055245&r=LYNXMPEH86084&w=800,2021-09-07T07:43:00Z,"By Reuters Staff
DUBAI (Reuters) - Saudi Arabias sovereign wealth fund, the Public Investment Fund (PIF), has hired five international banks as members of an environmental, governance and social (ES… [+1960 chars]"
42,"{'id': None, 'name': 'Forbes'}","Michael Golomb, Forbes Councils Member, 
 Michael Golomb, Forbes Councils Member
 https://www.forbes.com/sites/forbesbusinesscouncil/people/michaelgolomb/",Rise Of A New Disruptor: How NFTs Are Revolutionizing The Art And Entertainment Worlds,"Instead of the value of art being determined by a relatively small group of experts, it is now determined by the public.",https://www.forbes.com/sites/forbesbusinesscouncil/2021/09/07/rise-of-a-new-disruptor-how-nfts-are-revolutionizing-the-art-and-entertainment-worlds/,https://thumbor.forbes.com/thumbor/fit-in/1200x0/filters%3Aformat%28jpg%29/https%3A%2F%2Fspecials-images.forbesimg.com%2Fimageserve%2F61326212ad7d6a5d00edc842%2F0x0.jpg,2021-09-07T13:00:00Z,"Michael Golomb, Founder &amp; CEO @FanVestor.
getty
What do a 2007 YouTube video, a piece of crypto-art and a photograph of a rose have in common? While at first glance the answer would appear to b… [+5546 chars]"
43,"{'id': None, 'name': 'Motley Fool'}",newsfeedback@fool.com (Zhiyuan Sun),"Why Cardano, XRP, and Chainlink Tokens Are All Plunging Today",Learn why Kim Kardashian is finding herself linked to the acronym FUD.,https://www.fool.com/investing/2021/09/07/why-cardano-xrp-and-chainlink-are-all-plunging-tod/,https://g.foolcdn.com/editorial/images/642236/gettyimages-1212035447.jpg,2021-09-07T18:35:09Z,"What happened
Cardano (CRYPTO:ADA), XRP (CRYPTO:XRP), and Chainlink (CRYPTO:LINK) are reversing their moon missions today and instead are falling all the way down to earth. As of 1:18 p.m. EDT, they… [+3320 chars]"
44,"{'id': None, 'name': 'Yahoo Entertainment'}",Joanna Ossinger,Ethereum Rival Solana Climbs to Seventh in Crypto Top 10,(Bloomberg) -- The cryptocurrency linked to the Solana network has jumped to the seventh spot among the world’s top 10 largest virtual coins amid optimism...,https://finance.yahoo.com/news/token-ethereum-rival-solana-jumps-062253042.html,https://s.yimg.com/ny/api/res/1.2/T5up3lva0o_9NOPbun3Lrw--/YXBwaWQ9aGlnaGxhbmRlcjt3PTEyMDA7aD04MDA-/https://s.yimg.com/uu/api/res/1.2/T.i9ai0Es_L8jUg9fePPAw--~B/aD0xMzM0O3c9MjAwMDthcHBpZD15dGFjaHlvbg--/https://media.zenfs.com/en/bloomberg_markets_842/b4306904ad68214145a3c8ece4f8139b,2021-09-06T12:59:03Z,(Bloomberg) -- The cryptocurrency linked to the Solana network has jumped to the seventh spot among the worlds top 10 largest virtual coins amid optimism that the blockchain could be a long term comp… [+2491 chars]
45,"{'id': None, 'name': 'Yahoo Entertainment'}",Brian Sozzi,Bitcoin is the future despite billionaire haters: Ark Invest's Cathie Wood,Ark Invest's Cathie Wood tells Yahoo Finance Live she remains very bullish on the future for bitcoin. Here's why.,https://finance.yahoo.com/news/bitcoin-is-the-future-despite-billionaire-haters-ark-invests-cathie-wood-102641275.html,https://s.yimg.com/ny/api/res/1.2/DaJokf.j8rZusUGtSJnQcQ--/YXBwaWQ9aGlnaGxhbmRlcjt3PTEyMDA7aD04NjI-/https://s.yimg.com/os/creatr-uploaded-images/2021-03/43aaf560-80b7-11eb-b737-bccd691cce22,2021-09-07T10:26:41Z,"In not so many words, uber popular money manager Cathie Wood told Yahoo Finance Live billionaire and money manager John Paulson should put a few books about bitcoin (BTC-USD) on his fall reading list… [+2310 chars]"
46,"{'id': 'reuters', 'name': 'Reuters'}",Tetsushi Kajimoto,UPDATE 1-Japan ministries' budget requests top $1 trln in FY 22/23 - Reuters,"* Ruling party leadership race makes situation fluid -MOF (Adds quotes, details)",https://www.reuters.com/article/japan-economy-budget-idUSL4N2Q91GN,https://s1.reutersmedia.net/resources_v2/images/rcom-default.png?w=800,2021-09-07T07:03:00Z,"* Budget requests hit record for fourth straight year
* COVID-related spending, policy initiatives boost outlay
* Ruling party leadership race makes situation fluid -MOF (Adds quotes, details)
TOK… [+3198 chars]"
47,"{'id': None, 'name': '99bitcoins.com'}",Nick Marinoff,"Bitcoin Tipping on Twitter?! | This Week in Crypto – Sep 6, 2021","The post Bitcoin Tipping on Twitter?! | This Week in Crypto – Sep 6, 2021 appeared first on 99 Bitcoins.
﻿﻿ Bitcoin tipping on Twitter may soon be available, Coinbase issues free BTC for those …
 Bitcoin Tipping on Twitter?! | This Week in Crypto – Sep 6, 202…",https://99bitcoins.com/bitcoin-news-summary-sep-6-2021/,https://99bitcoins.com/wp-content/uploads/2021/09/This-Week-in-Bitcoin-Sep-6-2021.png,2021-09-06T05:00:28Z,"Bitcoin tipping on Twitter may soon be available, Coinbase issues free BTC for those who were NOT hacked and are men more invested in crypto than women? These stories and more this week in crypto.
T… [+3120 chars]"
48,"{'id': 'reuters', 'name': 'Reuters'}",,UK turns back on post-pandemic inequality reset - Reuters,"So much for a post-pandemic outbreak of economic levelling up. Given that lockdowns to fight Covid-19 have made generational wealth divides even more entrenched, the hope was that states would use ploys like a wealth tax to ease their new debt burdens and pay…",https://www.reuters.com/breakingviews/uk-turns-back-post-pandemic-inequality-reset-2021-09-07/,https://www.reuters.com/resizer/oA2RaivXyVfbwkv-wT_2eWhHdWE=/1200x628/smart/filters:quality(80)/cloudfront-us-east-2.images.arcpublishing.com/reuters/YVDKEHJLGRMD5HSQCBIM6JYV2Y.jpg,2021-09-07T16:54:00Z,"Britain's Prime Minister Boris Johnson leaves Downing Street, ahead of addressing lawmakers about Britain's withdrawal from Afghanistan, in London, Britain, September 6, 2021.LONDON, Sept 7 (Reuters … [+1885 chars]"
49,"{'id': 'techcrunch', 'name': 'TechCrunch'}",Romain Dillet,Ledgy is an equity management tool for European startups,"Every startup founder faces the same issue — how do you manage your cap table and equity plans in a transparent and lightweight manner? If you’re based in the U.S., chances are you’re using an equity management solution like Carta. But if you’re not based in …",http://techcrunch.com/2021/09/06/ledgy-is-an-equity-management-tool-for-european-startups/,https://techcrunch.com/wp-content/uploads/2021/09/isaac-smith-6EnTPvPPL6I-unsplash.jpg?w=600,2021-09-07T05:00:47Z,"Every startup founder faces the same issue how do you manage your cap table and equity plans in a transparent and lightweight manner? If youre based in the U.S., chances are youre using an equity man… [+2774 chars]"
50,"{'id': None, 'name': 'Business Wire'}",,Tokens.com Announces Commencement of Trading on the OTCQB® Venture Market,TORONTO--(BUSINESS WIRE)--Tokens.com Corp. (NEO Stock Exchange Canada: COIN) (Frankfurt Stock Exchange: 76M) (“Tokens.com” or the “Company”) is a publicly traded company that uses shareholder capital to purchase digital assets used for crypto staking and Dece…,https://www.businesswire.com/news/home/20210907005151/en/Tokens.com-Announces-Commencement-of-Trading-on-the-OTCQB%C2%AE-Venture-Market,https://mms.businesswire.com/media/20210907005151/en/903163/23/TKNS-trans-L1-onWhite-Color_%281%29.jpg,2021-09-07T11:39:32Z,TORONTO--(BUSINESS WIRE)--Tokens.com Corp. (NEO Stock Exchange Canada: COIN) (Frankfurt Stock Exchange: 76M) (Tokens.com or the Company) is a publicly traded company that uses shareholder capital to … [+5689 chars]
51,"{'id': None, 'name': 'Cointelegraph'}",Cointelegraph By Samuel Haig,Lobby Lobsters NFT drop raises $4 million in one hour to support DeFi lobbying efforts,An NFT drop diverting all primary and secondary sale revenues to support DeFi lobbying efforts has raised $4 million in one hour.,https://cointelegraph.com/news/lobby-lobsters-nft-drop-raises-4-million-in-one-hour-to-support-defi-lobbying-efforts,https://images.cointelegraph.com/images/1200_aHR0cHM6Ly9zMy5jb2ludGVsZWdyYXBoLmNvbS91cGxvYWRzLzIwMjEtMDkvZjlhYjU4ZTgtYTc0NC00ZWFjLWJmNjEtZmZhZGU5YmI3M2IyLmpwZw==.jpg,2021-09-06T03:56:05Z,"Nonfungible tokens (NFT) depicting cartoon lobsters in suits have raised more than $4 million to support lobbying efforts supporting the decentralized finance (DeFi) sector.
On August 5, nonfungible… [+2270 chars]"
52,"{'id': None, 'name': 'Yahoo Entertainment'}",PR Newswire,DeFi Technologies' Wholly Owned Subsidiary Valour Reaches $208m USD in AUM - A Doubling of AUM in 2 Months,"DeFi Technologies Inc. (the ""Company"" or ""DeFi Technologies"") (NEO: DEFI) (OTC: DEFTF) (GR: RMJR) announces that its wholly owned subsidiary, Valour Inc, the...",https://finance.yahoo.com/news/defi-technologies-wholly-owned-subsidiary-113000090.html,https://s.yimg.com/uu/api/res/1.2/7X.NUDU5lbo7W5IYPdPv.A--~B/aD0xNjc7dz00MDA7YXBwaWQ9eXRhY2h5b24-/https://media.zenfs.com/en/prnewswire.com/f6aa1f14f878a6c04af9b7b7ef8f7ab5,2021-09-07T11:30:00Z,"Nearly a $70m USD asset increase since August
TORONTO, Sept. 7, 2021 /PRNewswire/ - DeFi Technologies Inc. (the ""Company"" or ""DeFiTechnologies"") (NEO: DEFI) (OTC: DEFTF) (GR: RMJR) announces that it… [+6235 chars]"
53,"{'id': None, 'name': 'Yahoo Entertainment'}",CNW Group,DeFi Technologies' Wholly Owned Subsidiary Valour Reaches $208m USD in AUM - A Doubling of AUM in 2 Months,"DeFi Technologies Inc. (the ""Company"" or ""DeFi Technologies"") (NEO: DEFI) (OTC: DEFTF) (GR: RMJR) announces that its wholly owned subsidiary, Valour Inc, the...",https://finance.yahoo.com/news/defi-technologies-wholly-owned-subsidiary-113000962.html,https://s.yimg.com/uu/api/res/1.2/CK4T5rJrZBc3fcuTiE7hyw--~B/aD0xNjc7dz00MDA7YXBwaWQ9eXRhY2h5b24-/https://media.zenfs.com/en/cnwgroup.com/f6aa1f14f878a6c04af9b7b7ef8f7ab5,2021-09-07T11:30:00Z,"Nearly a $70m USD asset increase since August
TORONTO, Sept. 7, 2021 /CNW/ - DeFi Technologies Inc. (the ""Company"" or ""DeFiTechnologies"") (NEO: DEFI) (OTC: DEFTF) (GR: RMJR) announces that its wholl… [+6346 chars]"
54,"{'id': None, 'name': 'Forbes'}","Brad Japhe, Senior Contributor, 
 Brad Japhe, Senior Contributor
 https://www.forbes.com/sites/bradjaphe/",The Dream Hollywood Hotel Hops On The NFT Trend,A new gallery adds cutting-edge art to a property focused on fine-dining and nightlife.,https://www.forbes.com/sites/bradjaphe/2021/09/06/the-dream-hollywood-hotel-hops-on-the-nft-trend/,https://thumbor.forbes.com/thumbor/fit-in/1200x0/filters%3Aformat%28jpg%29/https%3A%2F%2Fspecials-images.forbesimg.com%2Fimageserve%2F613500971090fecaa0059a14%2F0x0.jpg,2021-09-06T16:54:42Z,"A view of the Hollywood Hills backdrops the rooftop pool at The Dream
The Dream Hotel
Hollywood, California is obviously no stranger to cutting-edge nightlife. So when the Dream Hotel opened in thi… [+5158 chars]"
55,"{'id': None, 'name': 'New York Times'}",Robert D. McFadden,"Adlai E. Stevenson 3d, Ex-Senator and Scion of Formidable Political Family, Dies at 90",The Illinois Democrat served a decade in the United States Senate but did not rival the success of his forebearers.,https://www.nytimes.com/2021/09/07/us/politics/adlai-stevenson-3d-dead.html,https://static01.nyt.com/images/2021/09/07/us/07stevenson-obit-02/07stevenson-obit-02-facebookJumbo.jpg,2021-09-07T23:59:28Z,"In 1955, he married Nancy Anderson. They had four children: Adlai Ewing 4th, Lucy, Katherine and Warwick. He is survived by his wife; sons Adlai and Warwick, daughters Lucy and Katherine and at least… [+2093 chars]"
56,"{'id': 'bloomberg', 'name': 'Bloomberg'}",Austin Carr,How to Put Your App Subscriptions on a Digital Diet,"Hey y’all, it’s Austin in Los Angeles. Welcome back from a three-day weekend in the U.S. I’m going to share some tips about personal finance in the pandemic, but first…",https://www.bloomberg.com/news/newsletters/2021-09-07/how-do-i-find-my-subscriptions-and-what-should-i-delete,https://assets.bwbx.io/images/users/iIyChnKQ1lHc/iDZUn9jpFfVM/v1/1200x800.jpg,2021-09-07T13:45:15Z,"What to know in techGet insights from reporters around the world in the Fully Charged newsletter.
Hey yall, its Austin in Los Angeles. Welcome back from a three-day weekend in the U.S. Im going to s… [+4713 chars]"
57,"{'id': 'reuters', 'name': 'Reuters'}",Reuters,Singapore reports most coronavirus cases in more than 1 year - Reuters,"Singapore's health ministry recorded 328 new domestic coronavirus cases on Tuesday, the highest daily number of new infections in more than a year.",https://www.reuters.com/world/asia-pacific/singapore-reports-most-coronavirus-cases-more-than-1-year-2021-09-07/,https://www.reuters.com/pf/resources/images/reuters/reuters-default.png?d=50,2021-09-07T10:58:00Z,"SINGAPORE, Sept 7 (Reuters) - Singapore's health ministry recorded 328 new domestic coronavirus cases on Tuesday, the highest daily number of new infections in more than a year.
The city-state has b… [+734 chars]"
58,"{'id': 'reuters', 'name': 'Reuters'}",Reuters,"UK PM Johnson, senior ministers plan U.S. visits, The Telegraph reports - Reuters UK","British Prime Minister Boris Johnson and senior ministers will head to the United States on official visits in coming weeks, the Telegraph <a href=""https://www.telegraph.co.uk/world-news/2021/09/06/uk-ministers-planning-us-blitz-visit-smooth-special-relations…",https://www.reuters.com/world/uk/uk-pm-johnson-senior-ministers-plan-us-visits-telegraph-reports-2021-09-06/,https://www.reuters.com/resizer/1zTtWqWxTZGNEhpEWgNf9PKB8wE=/1200x628/smart/filters:quality(80)/cloudfront-us-east-2.images.arcpublishing.com/reuters/SQJLTDU42BICJHOSSAODEJ2VPU.jpg,2021-09-06T06:56:00Z,"Britain's Prime Minister Boris Johnson holds a news conference inside the Downing Street Briefing Room in London, Britain July 12, 2021. Daniel Leal-Olivas/Pool via REUTERSSept 6 (Reuters) - British … [+643 chars]"
59,"{'id': 'reuters', 'name': 'Reuters'}",Huw Jones,London takes aim at New York with five-year financial plan - Reuters,"Britain needs to ease taxes on banks and make it easier to hire staff from abroad, its financial and professional services lobby said in a blueprint to help London unseat New York as the world's top international financial centre within five years.",https://www.reuters.com/business/finance/london-takes-aim-new-york-with-five-year-financial-plan-2021-09-06/,https://www.reuters.com/resizer/KopdbvhNzGDlB7V2ue2Y7k-HwCI=/1200x628/smart/filters:quality(80)/cloudfront-us-east-2.images.arcpublishing.com/reuters/WIJ7IVSH45NPDF6ZEMLYN3XJ2A.jpg,2021-09-06T23:13:00Z,"A woman exercises with a dog near the City of London financial district, in London, Britain, April 30, 2021. REUTERS/John SibleyLONDON, Sept 7 (Reuters) - Britain needs to ease taxes on banks and mak… [+2289 chars]"
60,"{'id': 'reuters', 'name': 'Reuters'}",,Pillsbury adds Latham partner as Latin American deals spur hiring - Reuters,"Pillsbury Winthrop Shaw Pittman on Tuesday announced it has tapped a Latham & Watkins partner who specializes in deals and financing involving Latin America, becoming the latest U.S. law firm to bulk up those offerings.",https://www.reuters.com/legal/legalindustry/pillsbury-adds-latham-partner-latin-american-deals-spur-hiring-2021-09-07/,https://www.reuters.com/resizer/suoSH8QCWdHw6Oc6NbpN9DyZTsE=/1200x628/smart/filters:quality(80)/cloudfront-us-east-2.images.arcpublishing.com/reuters/5YB4MKZZAZPYZGJZJU2MR4KF5Y.jpg,2021-09-07T16:59:00Z,"The company and law firm names shown above are generated automatically based on the text of the article. We are improving this feature as we continue to test and develop in beta. We welcome feedback,… [+2013 chars]"
61,"{'id': None, 'name': 'Cointelegraph'}",Cointelegraph By Yashu Gola,SOL price nears $200 after FTX's Solana-enabled NFT marketplace goes live,Solana's native token SOL almost reached $200 Tuesday as investors continued to treat it as a long-term competitor to Ethereum,https://cointelegraph.com/news/sol-price-nears-200-after-ftx-s-solana-enabled-nft-marketplace-goes-live,https://images.cointelegraph.com/images/1200_aHR0cHM6Ly9zMy5jb2ludGVsZWdyYXBoLmNvbS91cGxvYWRzLzIwMjEtMDkvNWYwNTdiMGYtYjBiNC00MzlkLTg2ZmQtMTE2OTE0OTA4ZTRhLmpwZw==.jpg,2021-09-07T11:00:00Z,"Solana (SOL) bulls have largely ignored its overvaluation risks as the blockchain asset goes after another milestone price level.
The SOL/USD exchange rate almost reached $200 on Sept. 7 as investor… [+3625 chars]"
62,"{'id': None, 'name': 'Bitcoin.com'}",,El Salvador Starts Mass Buying Bitcoin Ahead of BTC Becoming Legal Tender Tomorrow – News Bitcoin News - Bitcoin News,"<ol><li>El Salvador Starts Mass Buying Bitcoin Ahead of BTC Becoming Legal Tender Tomorrow – News Bitcoin News  Bitcoin News
</li><li>Thousands Of People Plan To Buy $30 Of Bitcoin To Celebrate El Salvador  Bitcoin Magazine
</li><li>El Salvador adopts Bitco…",https://news.bitcoin.com/el-salvador-mass-buying-bitcoin-ahead-of-btc-becoming-legal-tender/,https://static.news.bitcoin.com/wp-content/uploads/2021/09/el-salvador-200coins.jpg,2021-09-06T21:41:58Z,"Bitcoin will become legal tender in El Salvador on Tuesday, Sept. 7. The Salvadoran government has started buying bitcoin ahead of the law taking effect. The first 200 coins have been purchased and “… [+2639 chars]"
63,"{'id': None, 'name': 'Fox Business'}",Jack Durschlag,"Bitcoin joins Ethereum, Dogecoin showing gains early Monday morning - Fox Business","Bitcoin joins Ethereum, Dogecoin showing gains early Monday morning  Fox Business",https://www.foxbusiness.com/markets/bitcoin-joins-ethereum-dogecoin-showing-gains-early-monday-morning,https://a57.foxnews.com/static.foxbusiness.com/foxbusiness.com/content/uploads/2021/05/0/0/Ethereum-Bitcoin-Dogecoin.jpg?ve=1&tl=1,2021-09-06T08:15:19Z,"Bitcoin was trading 3.45% higher on Monday morning.
The price was around $51,788 per coin, while rivals Ethereum and Dogecoin were trading around $3,934 (+1.04%) and 31 cents (+4.48%) per coin, resp… [+1088 chars]"
64,"{'id': 'rt', 'name': 'RT'}",RT,Russia is not ready to recognize cryptocurrencies – Kremlin,"Russia is not ready to recognize bitcoin or other cryptocurrencies, because equating cryptocurrency with money would harm the country’s financial system, Dmitry Peskov, the press secretary of the Russian president, has said. Read Full Article at RT.com",https://www.rt.com/business/534136-russia-bitcoin-does-not-recognize/,https://cdni.rt.com/files/2021.09/article/61374e322030277b73307f1d.jpg,2021-09-07T11:39:09Z,"“It is certain that Russia is not ready for such steps. So far there is not the slightest reason to [recognize cryptocurrencies],” Peskov told reporters, dubbing bitcoin a quasi-currency.
Also on rt… [+1814 chars]"
65,"{'id': None, 'name': 'Yahoo Entertainment'}",Nukkleus Inc,Nukkleus Inc. Continues Expansion Into the Crypto Markets With the Acquisition of Match Financial Ltd.,"Featured Image for Nukkleus Inc. Featured Image for Nukkleus Inc. JERSEY CITY, N.J., Sept. 07, 2021 (GLOBE NEWSWIRE) -- With the objective of establishing a ...",https://finance.yahoo.com/news/nukkleus-inc-continues-expansion-crypto-143000023.html,https://s.yimg.com/uu/api/res/1.2/vfP46vZgqYkQfxu7TpbmkA--~B/aD01MDA7dz03NTA7YXBwaWQ9eXRhY2h5b24-/https://media.zenfs.com/en/globenewswire.com/0d48d657726ec62c27248b8295dd5b88,2021-09-07T14:30:00Z,"Featured Image for Nukkleus Inc.
Featured Image for Nukkleus Inc.
Featured Image for Nukkleus Inc.
JERSEY CITY, N.J., Sept. 07, 2021 (GLOBE NEWSWIRE) -- With the objective of establishing a strong… [+7402 chars]"
66,"{'id': None, 'name': 'Yahoo Entertainment'}",PR Newswire,"Cryptocurrency Market Size To Reach USD 4.94 Billion By 2030, Growing At a CAGR Of 12.8% - Valuates Reports","Cryptocurrency Market By Offering (Hardware [ASIC, GPU, FPGA, and Others] and Software), Process (Mining and Transaction), Type (Bitcoin [BTC], Ethereum [ETH...",https://finance.yahoo.com/news/cryptocurrency-market-size-reach-usd-150000198.html,https://s.yimg.com/uu/api/res/1.2/UIrAx7.pWJC41nEtYr9Tjw--~B/aD04Mjt3PTQwMDthcHBpZD15dGFjaHlvbg--/https://media.zenfs.com/en/prnewswire.com/e56e7be6481563f5c4a0eac93ab85110,2021-09-07T15:00:00Z,"BANGALORE, India, Sept. 7, 2021 /PRNewswire/ -- Cryptocurrency Market
 By Offering (Hardware [ASIC, GPU, FPGA, and Others] and Software), Process (Mining and Transaction), Type (Bitcoin [BTC], Ether… [+11629 chars]"
67,"{'id': 'reuters', 'name': 'Reuters'}",,Factbox: Taliban announces makeup of new Afghan government - Reuters,"The Taliban announced Afghanistan's new government on Tuesday, naming Mullah Hasan Akhund, a close associate of the movement's late founder Mullah Omar, as acting prime minister.",https://www.reuters.com/world/asia-pacific/taliban-announces-makeup-new-afghan-government-2021-09-07/,https://www.reuters.com/resizer/FD6rEYush3xbR6tM1ttFfncU__o=/1200x628/smart/filters:quality(80)/cloudfront-us-east-2.images.arcpublishing.com/reuters/BE6FKG2QLBLEJC34PDNZO6MEWE.jpg,2021-09-07T16:17:00Z,"Mullah Abdul Ghani Baradar, the Taliban's deputy leader and negotiator, and other delegation members attend the Afghan peace conference in Moscow, Russia March 18, 2021. Alexander Zemlianichenko/Pool… [+1550 chars]"
68,"{'id': 'the-verge', 'name': 'The Verge'}",Justine Calma,Activists push to delay most high-profile climate summit since Paris agreement,"High-stakes climate negotiations, called COP26, are set to take place in Glasgow in November. Activists want to postpone the conference again because delegates from the most vulnerable countries have limited access to COVID-19 vaccines and could struggle to p…",https://www.theverge.com/2021/9/7/22660795/activists-cop26-united-nations-climate-change-summit-glasgow,https://cdn.vox-cdn.com/thumbor/1vrToT8-loiA3L9lezjvNfLK6-Q=/0x185:2588x1540/fit-in/1200x630/cdn.vox-cdn.com/uploads/chorus_asset/file/22831946/1234739239.jpg,2021-09-07T18:46:28Z,"Many delegates still dont have access to vaccines
UN Climate Change Conference or COP26 President Alok Sharma during a meeting with India Minister of Environment, Forest and Climate Change Bhupender… [+4818 chars]"
69,"{'id': None, 'name': 'Yahoo Entertainment'}",Chainge Finance,Chainge Finance – Completing their DEX trilogy with the launch of the FIRST EVER DeFi Options DEX,"Shanghai, China, Sept. 06, 2021 (GLOBE NEWSWIRE) -- Options represent one of the most popular financial derivatives used in the conventional finance industry...",https://finance.yahoo.com/news/chainge-finance-completing-dex-trilogy-211000635.html,https://s.yimg.com/ny/api/res/1.2/TE2VzNZ04e5X_Bj_HbHqKw--/YXBwaWQ9aGlnaGxhbmRlcjt3PTEyMDA7aD02NzU-/https://s.yimg.com/uu/api/res/1.2/AKFF5Db1yO22229d.banPA--~B/aD03MjA7dz0xMjgwO2FwcGlkPXl0YWNoeW9u/https://media.zenfs.com/en/globenewswire.com/e8fd1646a3b4e88619ec90024a304896,2021-09-06T21:10:00Z,"Shanghai, China, Sept. 06, 2021 (GLOBE NEWSWIRE) -- Options represent one of the most popular financial derivatives used in the conventional finance industry today &amp; definitely one of the most pr… [+6229 chars]"
70,"{'id': 'rt', 'name': 'RT'}",RT,"Bitcoin surges towards $52K, reaching highest level since May","The price of the world’s most popular cryptocurrency, bitcoin, has continued to rise on Monday, after topping $50,000 the previous day. The digital asset is up 81% from this year’s low of $27,734 on January 4. Read Full Article at RT.com",https://www.rt.com/business/534038-bitcoin-growth-highest-level/,https://cdni.rt.com/files/2021.09/article/6135d71585f5400467190c41.jpg,2021-09-06T09:07:49Z,"Bitcoin was trading at $51,843 per coin as of 08:00 GMT, up almost 4%. 
Some experts say that the test will be for the cryptocurrency to remain above $51,000, which will give the market a better ide… [+958 chars]"
71,"{'id': None, 'name': 'The Guardian'}",Editorial,The Guardian view on Tory election bill: rigging polls to win | Editorial,"MPs have a choice – to fight for voting rights or fight against themIn a democracy, it is vital that elections are both secure and open to all. Voters must trust the result and know that it has not been fraudulently obtained. Polls suggest that they do: publi…",https://amp.theguardian.com/commentisfree/2021/sep/06/the-guardian-view-on-a-tory-election-bill-rigging-polls-to-win,https://i.guim.co.uk/img/media/00105f009912439cf60e756238b888d187068113/0_292_5398_3240/master/5398.jpg?width=1200&height=630&quality=85&auto=format&fit=crop&overlay-align=bottom%2Cleft&overlay-width=100p&overlay-base64=L2ltZy9zdGF0aWMvb3ZlcmxheXMvdGctb3BpbmlvbnMucG5n&enable=upscale&s=c634f50bbf4f85a45f9db609e81af586,2021-09-06T17:46:59Z,"In a democracy, it is vital that elections are both secure and open to all. Voters must trust the result and know that it has not been fraudulently obtained. Polls suggest that they do: public confid… [+2928 chars]"
72,"{'id': None, 'name': 'Cointelegraph'}",Cointelegraph By Brian Quarmby,"Nifty News: Dolce & Gabbana's historic NFTs, '26 minute' CryptoPunk flip, FTX spammed","FTX has amended its NFT fee structure following fish-related spam, Rakuten is entering the NFT sector and Pranksy sold a CryptoPunk NFT for a quick $1.23 million profit in one day.",https://cointelegraph.com/news/nifty-news-dolce-gabbana-s-historic-nfts-26-minute-cryptopunk-flip-ftx-spammed,https://images.cointelegraph.com/images/1200_aHR0cHM6Ly9zMy5jb2ludGVsZWdyYXBoLmNvbS91cGxvYWRzLzIwMjEtMDkvNmE3YzFmNTgtZGU4My00Yjc2LWE5OTAtMDE4NzczMDhjNzgyLmpwZw==.jpg,2021-09-07T05:13:24Z,"Dolce &amp; Gabbana knocking on the Dior of NFTs
Luxury Italian fashion house Dolce &amp; Gabbana is entering the NFT sector with a nine-piece collection of tokenized fashion pieces in collaboration… [+6065 chars]"
73,"{'id': None, 'name': 'Cointelegraph'}",Cointelegraph By Martin Young,Caitlin Long takes aim at The New York Times over crypto 'alarm' article,A New York Times article on crypto regulations has been dissected by Avanti CEO Caitlin Long for not reporting the whole story.,https://cointelegraph.com/news/caitlin-long-takes-aim-at-the-new-york-times-over-crypto-alarm-article,https://images.cointelegraph.com/images/1200_aHR0cHM6Ly9zMy5jb2ludGVsZWdyYXBoLmNvbS91cGxvYWRzLzIwMjEtMDkvZDIzZjM0MGEtZTAyNy00Yzg0LTkxOGEtM2I0MTRkMTcyMzIwLmpwZw==.jpg,2021-09-07T03:28:28Z,Avanti Bank and Trust CEO Caitlin Long has posted a rebuttal to a recent New York Times article claiming that crypto and decentralized finance is disrupting the banking industry so fast regulators ca… [+3006 chars]
74,"{'id': None, 'name': 'Zacks.com'}",Zacks Equity Research,Is Fidelity Select Brokerage and Investment Management (FSLBX) a Strong Mutual Fund Pick Right Now?,Mutual Fund Report for  FSLBX,http://www.zacks.com/stock/news/1792183/is-fidelity-select-brokerage-and-investment-management-fslbx-a-strong-mutual-fund-pick-right-now?cid=CS-ENTREPRENEUR-FT-mutual_fund_equity_report-1792183,https://assets.entrepreneur.com/providers/zacks/hero-image-zacks-383816.jpeg,2021-09-06T11:00:06Z,"September
6, 2021
4 min read
This story originally appeared on ZacksIf you have been looking for Sector - Finance funds, a place to start could be Fidelity Select Brokerage and Investment Manageme… [+4469 chars]"
75,"{'id': None, 'name': 'Moneycontrol'}",,Crypto not currency; needs to be regulated as asset: Former RBI deputy governor R Gandhi,"After quite a lot of debate over the years, he said, people have fully understood that crypto cannot be a currency because the fundamental element of a currency- that it should be a legal tender- is missing in this case.",https://www.moneycontrol.com/news/business/economy/crypto-not-currency-needs-to-be-regulated-as-asset-former-rbi-deputy-governor-r-gandhi-7440641.html,https://images.moneycontrol.com/static-mcnews/2021/06/RBI-on-cryptocurrency-featured.jpg,2021-09-07T10:02:36Z,Former RBI deputy governor R Gandhi on Tuesday made a case for treating and regulating crypto as a separate asset class with a view to enabling governments around the world to effectively deal with i… [+3007 chars]
76,"{'id': 'reuters', 'name': 'Reuters'}",Reuters,Czechs make first EU donation towards Lithuania-Belarus barrier - Reuters,The Czech Republic has become the first EU member state to contribute funds for Lithuania to build a barrier along its border with Belarus amid a surge in migration and upcoming Russian-led military exercises.,https://www.reuters.com/world/europe/czechs-make-first-eu-donation-towards-lithuania-belarus-barrier-2021-09-07/,https://www.reuters.com/pf/resources/images/reuters/reuters-default.png?d=50,2021-09-07T08:08:00Z,"VILNIUS, Sept 7 (Reuters) - The Czech Republic has become the first EU member state to contribute funds for Lithuania to build a barrier along its border with Belarus amid a surge in migration and up… [+1465 chars]"
77,"{'id': 'reuters', 'name': 'Reuters'}",Reuters,Nigeria's NNPC considering IPO within three years - Bloomberg interview - Reuters,"Nigerian state oil company NNPC could consider an initial public offering within three years, its chief told Bloomberg news in a television interview.",https://www.reuters.com/world/africa/nigerias-nnpc-considering-ipo-within-three-years-bloomberg-interview-2021-09-07/,https://www.reuters.com/resizer/zKVu-9UXNMydhGF5YFTlWrC6IIs=/1200x628/smart/filters:quality(80)/cloudfront-us-east-2.images.arcpublishing.com/reuters/5ZOZPUA3OBLMZPE6O6FQF2276A.jpg,2021-09-07T14:01:00Z,"The Nigeria National Petroleum Corporation (NNPC) headquarters are seen in Abuja, Nigeria December 5, 2017. REUTERS/Afolabi SotundeLAGOS, Sept 7 (Reuters) - Nigerian state oil company NNPC could cons… [+1565 chars]"
78,"{'id': 'reuters', 'name': 'Reuters'}",Reuters,Babbel IPO sounds cheap for a reason - Reuters,"Language learning app Babbel’s upcoming listing doesn’t sound too bubbly. The Berlin-based company, which <a href=""https://ir.babbel.com/websites/babbel/English/0/investor-relations_br_-babbel.html"" target=""_blank"">said</a> on Tuesday that it’s looking to lis…",https://www.reuters.com/breakingviews/babbel-ipo-sounds-cheap-reason-2021-09-07/,https://www.reuters.com/resizer/jvp_nFIiuheZ8PdqBpBw9Q4POyE=/1200x628/smart/filters:quality(80)/cloudfront-us-east-2.images.arcpublishing.com/reuters/4IYEDSMQQVJ63G5CAJHX5WGH4Y.jpg,2021-09-07T10:39:00Z,"A board with welcome in various European languages is seen in London, Britain, February 22, 2016. REUTERS/Toby MelvilleLONDON, Sept 7 (Reuters Breakingviews) - Language learning app Babbels upcoming … [+1841 chars]"
79,"{'id': None, 'name': 'Jalopnik'}",Lawrence Hodge,Stellantis Will Finally Get Its Own Finance Arm,"Stellantis will soon have its own financial arm after years of being the only large US automaker without one. Bloomberg reports that the company is paying $285 million for First Investors Financial Services Group, a Houston-based auto lender. Read more...",https://jalopnik.com/stellantis-will-finally-get-its-own-finance-arm-1847610784,"https://i.kinja-img.com/gawker-media/image/upload/c_fill,f_auto,fl_progressive,g_center,h_675,pg_1,q_80,w_1200/ce2378c7cf7ffb9fb63454cdbceafd5a.jpg",2021-09-07T19:14:00Z,Stellantis will soon have its own financial arm after years of being the only large US automaker without one. Bloomberg reports that the company is paying $285 million for First Investors Financial S… [+1750 chars]
80,"{'id': None, 'name': 'Yahoo Entertainment'}",ACCESSWIRE,DeFi Components in a CeFi World: The StockSwap App Is Poised To Revolutionize Social Investing,StockSwap brings the best of DeFi to social investing in the stock market.Social Investing is about to get streamlined with the launch of the StockSwap app.,https://finance.yahoo.com/news/defi-components-cefi-world-stockswap-120000039.html,https://s.yimg.com/ny/api/res/1.2/3DBgOIoIl24VE9L8z2eGHA--/YXBwaWQ9aGlnaGxhbmRlcjt3PTEyMDA7aD00Nzk-/https://s.yimg.com/uu/api/res/1.2/dU6vYuoscp4Uf3qWUGC3qw--~B/aD04MTc7dz0yMDQ4O2FwcGlkPXl0YWNoeW9u/https://media.zenfs.com/en/accesswire.ca/268a2242d343a972555b6acd1a69f5ed,2021-09-06T12:00:00Z,"StockSwap
 brings the best of DeFi to social investing in the stock market.
Social Investing is about to get streamlined with the launch of the StockSwap app
.
AUSTIN, TX / ACCESSWIRE / September… [+3633 chars]"
81,"{'id': None, 'name': 'Cointelegraph'}",Cointelegraph By Tom Farren,Visa reportedly aims to integrate Bitcoin payments in Brazil,"In an interview with a local Brazilian news outlet, Visa's VP of new business outlines the company's crypto objecti",https://cointelegraph.com/news/visa-reportedly-aims-to-integrate-bitcoin-payments-in-brazil,https://images.cointelegraph.com/images/1200_aHR0cHM6Ly9zMy5jb2ludGVsZWdyYXBoLmNvbS91cGxvYWRzLzIwMjEtMDkvYjQzOTNlMGUtYzU1YS00ZTdmLTlmODMtYWQ1ZmQxNDY3ZmYxLmpwZw==.jpg,2021-09-07T12:39:15Z,"In a recent interview with local Brazilian news outlet Seu Dinheiro, Eduardo Abreu, Vice President of new business at payments giant Visa, revealed the company's intentions to integrate crypto assets… [+1769 chars]"
82,"{'id': 'bloomberg', 'name': 'Bloomberg'}",,"Understanding The Digital Age, Tech In The Pandemic (Podcast)","Source: Bloomberg, 26:22",https://www.bloomberg.com/news/audio/2021-09-07/understanding-the-digital-age-tech-in-the-pandemic-podcast,https://assets.bwbx.io/s3/bbiz/images/social_fallbacks/bloomberg_default-a4f15fa7ee.jpg,2021-09-07T17:41:32Z,"Brad Smith, President of Microsoft, discusses updated content from his book ""Tools and Weapons: The Promise and the Peril of the Digital Age."" Jennifer Surane, Finance Reporter for Bloomberg News, ta… [+422 chars]"
83,"{'id': None, 'name': 'Yahoo Entertainment'}",Reuters,Crypto platform Bitso working with El Salvador on Chivo digital wallet,"Bitso said it will work with Silvergate Bank, a U.S. federally-regulated and California state-chartered bank, to facilitate transactions in U.S. dollars...",https://finance.yahoo.com/news/crypto-platform-bitso-working-el-163819282.html,https://s.yimg.com/uu/api/res/1.2/VeJUWg1N7BEdIZbEvP8kOw--~B/aD01NDA7dz04MDA7YXBwaWQ9eXRhY2h5b24-/https://media.zenfs.com/en/reuters.com/91d4bd7d49dbd3aeaca54bd836cfadaf,2021-09-07T16:38:19Z,"(Reuters) - Fintech Bitso, a cryptocurrency platform, said on Tuesday it will be the core service provider for Chivo, the bitcoin digital wallet launched in El Salvador as it becomes the first countr… [+1867 chars]"
84,"{'id': None, 'name': 'Cointelegraph'}",Cointelegraph By Yashu Gola,LINK price locks in 36% gains following Ethereum layer-2' Chainlink integration,"LINK price surged also in the wake of a market-wide bullish boom, wherein Bitcoin and its top rivaling altcoins jumped in tandem.",https://cointelegraph.com/news/link-price-locks-in-36-gains-following-ethereum-layer-2-chainlink-integration,https://images.cointelegraph.com/images/1200_aHR0cHM6Ly9zMy5jb2ludGVsZWdyYXBoLmNvbS91cGxvYWRzLzIwMjEtMDkvYWMzODE1MDQtZjJkNi00YTA4LWI5YmItNWI5MmEyMzUzN2ZlLmpwZw==.jpg,2021-09-06T17:30:41Z,"Chainlink (LINK) emerged as one of the best cryptocurrency performers on Sep. 6 as it jumped 8.25% against the U.S. dollar.
In detail, the LINK/USD exchange rate reached $36.35 for the first time si… [+3906 chars]"
85,"{'id': None, 'name': 'Cbinsights.com'}",Chris Bendtsen,80+ Companies Shaping The Blockchain Landscape,"Blockchain companies raised more venture capital and private equity funding in H1’21 than any full year in history. The space is rapidly evolving as startups tackle a wide range of challenges in financial services and other industries. For example, online …
T…",https://www.cbinsights.com/research/blockchain-companies-market-map/,https://research-assets.cbinsights.com/2021/09/07155848/blockchain-market-map-cropped.jpg,2021-09-07T20:32:58Z,"Market Map
Blockchain tech has never been hotter. From crypto to DeFi to NFTs, here are how top-funded private companies are leveraging blockchain technology.
Blockchain companies raised more ventu… [+6411 chars]"
86,"{'id': 'reuters', 'name': 'Reuters'}","Andy Bruce,Elizabeth Piper",UK PM's planned tax hike for social care triggers fury within ruling party - Reuters,"British Prime Minister Boris Johnson's plan to hike taxes to fund social care has provoked fury among many of his own lawmakers, who fear that such a clear violation of his election promises shows he is happy to oversee a sweeping expansion of the state.",https://www.reuters.com/world/uk/uk-pms-planned-tax-hike-social-care-triggers-fury-within-ruling-party-2021-09-06/,https://www.reuters.com/resizer/1zTtWqWxTZGNEhpEWgNf9PKB8wE=/1200x628/smart/filters:quality(80)/cloudfront-us-east-2.images.arcpublishing.com/reuters/SQJLTDU42BICJHOSSAODEJ2VPU.jpg,2021-09-06T14:51:00Z,"Britain's Prime Minister Boris Johnson holds a news conference inside the Downing Street Briefing Room in London, Britain July 12, 2021. Daniel Leal-Olivas/Pool via REUTERS/File PhotoLONDON, Sept 6 (… [+4737 chars]"
87,"{'id': 'reuters', 'name': 'Reuters'}",Reuters,UK PM Johnson to address lawmakers on social care plan - Reuters UK,"Prime Minister Boris Johnson will address lawmakers on Tuesday on his plans to fix Britain's ""broken"" social care system, at a time many in his own party are furious that he wants to pay for it by raising taxes, violating an election pledge.",https://www.reuters.com/world/uk/uk-pm-johnson-address-lawmakers-social-care-plan-2021-09-06/,https://www.reuters.com/resizer/k8v7hSkO3zLZwrsS21scGA312L4=/1200x628/smart/filters:quality(80)/cloudfront-us-east-2.images.arcpublishing.com/reuters/C3B6XLQZEZNVZKXLPGP3T3FZ4A.jpg,2021-09-06T21:35:00Z,"LONDON, Sept 6 (Reuters) - Prime Minister Boris Johnson will address lawmakers on Tuesday on his plans to fix Britain's ""broken"" social care system, at a time many in his own party are furious that h… [+1923 chars]"
88,"{'id': 'reuters', 'name': 'Reuters'}",Reuters,JD's shakeup is the welcome kind in Chinese tech - Reuters,"JD.com <a href=""https://www.reuters.com/companies/9618.HK"" target=""_blank"">(9618.HK)</a> is getting its house in order. The $126 billion e-commerce company on Monday announced the appointments of leaders for JD.com, JD Retail and JD Health International <a hr…",https://www.reuters.com/breakingviews/jds-shakeup-is-welcome-kind-chinese-tech-2021-09-06/,https://www.reuters.com/resizer/ZLOfBNRNqBQVgAwzmkc4VPLj8iY=/1200x628/smart/filters:quality(80)/cloudfront-us-east-2.images.arcpublishing.com/reuters/HYAUH4W5ABMZLOYLZ2ACXSG5B4.jpg,2021-09-06T07:58:00Z,"JD.com founder Richard Liu attends a Reuters interview in Hong Kong, China June 9, 2017. REUTERS/Bobby Yip/File Photo/File Photo - RC23KP9IJ024HONG KONG, Sept 6 (Reuters Breakingviews) - JD.com (9618… [+2086 chars]"
89,"{'id': 'reuters', 'name': 'Reuters'}",Simon Jessop,Sustainable push sends Candriam assets to 150 bln euros - Reuters,"European investment manager Candriam said its total assets rose 7.1% to 150 billion euros ($177 billion) in the first six months of the year, boosted by net inflows into its environmental, social and governance-focused funds.",https://www.reuters.com/business/finance/sustainable-push-sends-candriam-assets-150-bln-euros-2021-09-06/,https://www.reuters.com/pf/resources/images/reuters/reuters-default.png?d=50,2021-09-06T04:14:00Z,"LONDON, Sept 6 (Reuters) - European investment manager Candriam said its total assets rose 7.1% to 150 billion euros ($177 billion) in the first six months of the year, boosted by net inflows into it… [+2059 chars]"
90,"{'id': 'reuters', 'name': 'Reuters'}",,UK government let off intervention hook - Reuters,"TransDigm’s <a href=""https://www.reuters.com/companies/TDG.N"" target=""_blank"">(TDG.N)</a> retreat <a href=""/business/aerospace-defense/transdigm-says-will-not-make-takeover-offer-uks-meggitt-2021-09-07/""> read more </a> from the $8.7 billion battle for Britis…",https://www.reuters.com/breakingviews/uk-government-let-off-intervention-hook-2021-09-07/,https://www.reuters.com/resizer/9qgwN20RcfcBx95GZFkHrUZaxEY=/1200x628/smart/filters:quality(80)/cloudfront-us-east-2.images.arcpublishing.com/reuters/HFF7IERN2FJKJO3B7RLBRMGVCY.jpg,2021-09-07T15:59:00Z,"Boris Johnson stands next to a Typhoon fighter jet in Moray, Scotland, Britain, July 23, 2020. Andrew Milligan/Pool via REUTERSLONDON, Sept 7 (Reuters Breakingviews) - TransDigms (TDG.N) retreat read… [+2009 chars]"
91,"{'id': 'reuters', 'name': 'Reuters'}",Giuseppe Fonte,EXCLUSIVE Italy expects 2021 deficit to be below 10% of national output -source - Reuters,"Italy's Treasury sees the 2021 budget deficit coming in at under 10% of national output, well below the 11.8% target set in April, as the economy recovers more quickly than expected from the pandemic, a source close to the matter told Reuters.",https://www.reuters.com/world/europe/exclusive-italy-expects-2021-deficit-be-below-10-national-output-source-2021-09-07/,https://www.reuters.com/pf/resources/images/reuters/reuters-default.png?d=50,2021-09-07T11:16:00Z,"ROME, Sept 7 (Reuters) - Italy's Treasury sees the 2021 budget deficit coming in at under 10% of national output, well below the 11.8% target set in April, as the economy recovers more quickly than e… [+2101 chars]"
92,"{'id': 'reuters', 'name': 'Reuters'}",Reuters,"China's export, import growth likely eased in Aug on COVID-19 cases, supply bottlenecks - Reuters","China's export growth is expected to have moderated in August amid port congestion caused by fresh COVID-19 cases, a Reuters poll showed, while the pace of imports also slowed, highlighting the growing pressure on the world's second-largest economy.",https://www.reuters.com/world/china/chinas-export-import-growth-likely-eased-aug-covid-19-cases-supply-bottlenecks-2021-09-06/,https://www.reuters.com/resizer/DGt889_L6E6HT4vwoPJHkKFu7N4=/1200x628/smart/filters:quality(80)/cloudfront-us-east-2.images.arcpublishing.com/reuters/6F76RQYFB5JM3G5TAGMJYZYOGY.jpg,2021-09-06T05:11:00Z,"Containers are seen at the Yangshan Deep-Water Port in Shanghai, China October 19, 2020. REUTERS/Aly SongBEIJING, Sept 6 (Reuters) - China's export growth is expected to have moderated in August amid… [+2576 chars]"
93,"{'id': 'reuters', 'name': 'Reuters'}",Yoruk Bahceli,Spain launches first ever green bond - Reuters,"Spain was set to launch its first ever green bond on Tuesday, leading a flurry of such issuances expected in September.",https://www.reuters.com/article/eurozone-bonds-idUSL8N2Q83E0,https://s1.reutersmedia.net/resources_v2/images/rcom-default.png?w=800,2021-09-07T08:13:00Z,"Sept 7 (Reuters) - Spain was set to launch its first ever green bond on Tuesday, leading a flurry of such issuances expected in September.
The 20-year bond sale will raise 5 billion euros, according… [+2019 chars]"
94,"{'id': None, 'name': 'Springwise.com'}",Katrina Lane,App connects donors to the homeless through digital donations,"For those wishing to make a donation, the donor can tap the homeless person's RFID wristband on the street or use the 'Unify Sofa-Giving' function in the app
The post App connects donors to the homeless through digital donations appeared first on Springwise.",https://www.springwise.com/innovation/nonprofit-socialcause/unify-homeless-contactless,https://www.springwise.com/wp-content/uploads/2021/09/innovationnonprofit-socialcauseunify-homeless-contactless-1.png,2021-09-07T05:00:14Z,Spotted: The London-based social startup Unify Giving is developing an app together with data science company Closer that will allow people to digitally make contactless donations to the homeless com… [+2927 chars]
95,"{'id': 'business-insider', 'name': 'Business Insider'}","holly@clubthrifty.com (Holly Johnson,Ryan Wangman)",7 ways you can use a home equity loan to build wealth,"Since home equity loans let you borrow against the equity in your home, you can qualify for a lower APR than you could with a different type of loan.",https://www.businessinsider.com/personal-finance/how-to-use-a-home-equity-loan,https://i.insider.com/5cd322b2021b4c1c6b570744?width=1200&format=jpeg,2021-09-07T16:58:29Z,"If you need to take out a loan, you'll want to get the best deal possible. This means choosing loan options that come with low fees and a competitive interest rate, and making sure you're borrowing f… [+6201 chars]"
96,"{'id': None, 'name': 'Entrepreneur'}",March Violante,9 books in Spanish you must read to take your business to the next level,"Well the saying goes: ""Do you want to live forever? Write. Do you want to live a thousand lives? Read.""",https://www.entrepreneur.com/article/383819,https://assets.entrepreneur.com/content/3x2/2000/1630710903-titanes.jpg,2021-09-06T13:17:00Z,"September
6, 2021
7 min read
This article was translated from our Spanish edition using AI technologies. Errors may exist due to this process.
Entrepreneurs are always looking for new ways to ins… [+6026 chars]"
97,"{'id': None, 'name': 'The Guardian'}",Rupert Jones,UK rental home mortgage demand surges amid domestic holiday boom,Number of ‘holiday let’ mortgage deals on the market more than doubles in a yearThe boom in domestic holidays has fuelled a surge in demand for mortgages for UK holiday rental homes as landlords and investors cash in on people taking breaks in Britain.The num…,https://amp.theguardian.com/money/2021/sep/06/uk-rental-home-mortgage-demand-surges-domestic-holiday-boom,https://i.guim.co.uk/img/media/b794e99d0746b1b4d290fd7ce6c4f6a2573c32ea/0_67_5957_3576/master/5957.jpg?width=1200&height=630&quality=85&auto=format&fit=crop&overlay-align=bottom%2Cleft&overlay-width=100p&overlay-base64=L2ltZy9zdGF0aWMvb3ZlcmxheXMvdGctZGVmYXVsdC5wbmc&enable=upscale&s=5dac08dda26688c6bf0dca73ea8ab098,2021-09-06T14:57:25Z,"The boom in domestic holidays has fuelled a surge in demand for mortgages for UK holiday rental homes as landlords and investors cash in on people taking breaks in Britain.
The number of holiday let… [+2295 chars]"
98,"{'id': None, 'name': 'The Guardian'}",Philip Oltermann in Berlin,Merkel urges Germans to back her party’s choice of successor,"Outgoing chancellor implores public to pick Armin Laschet over his surging centre-left rivalAngela Merkel has used what is likely to be her last speech in the German parliament to make her most impassioned intervention in the electoral race so far, urging the…",https://amp.theguardian.com/world/2021/sep/07/merkel-urges-germans-back-party-choice-successor-armin-laschet,https://i.guim.co.uk/img/media/97eae4357842f6d7cf61da5d073a97e8c3238490/0_218_5606_3363/master/5606.jpg?width=1200&height=630&quality=85&auto=format&fit=crop&overlay-align=bottom%2Cleft&overlay-width=100p&overlay-base64=L2ltZy9zdGF0aWMvb3ZlcmxheXMvdGctZGVmYXVsdC5wbmc&enable=upscale&s=95f7716be3b4953205844656402c24d4,2021-09-07T14:08:48Z,"Angela Merkel has used what is likely to be her last speech in the German parliament to make her most impassioned intervention in the electoral race so far, urging the public to vote for her partys b… [+2423 chars]"
99,"{'id': None, 'name': 'Bitcoinist'}",Bitcoinist,AscendEX Co-Invests in Soveryn’s Latest Funding Round,"AscendEX, a global cryptocurrency financial platform with a comprehensive product suite, is proud to participate in Soveryn’s latest investment round. AscendEX, alongside various industry-leading investment partners, including Pomp Investments, sees the massi…",https://bitcoinist.com/ascendex-co-invests-in-soveryns-latest-funding-round/,https://bitcoinist.com/wp-content/uploads/2021/09/sovryn-img.jpg,2021-09-06T08:08:39Z,"AscendEX, a global cryptocurrency financial platform with a comprehensive product suite, is proud to participate in Soveryn’s latest investment round. AscendEX, alongside various industry-leading inv… [+4180 chars]"
